step,D_loss,G_loss,D_x,D_G_z1,D_G_z2
0,1.8161920309066772,1.181612491607666,0.324862003326416,0.42889392375946045,0.3360420763492584
50,0.21543776988983154,4.024274826049805,0.8943961262702942,0.09012600779533386,0.02076445147395134
100,0.08151710033416748,4.7237653732299805,0.9726223349571228,0.04426177591085434,0.03480955958366394
150,0.19772231578826904,3.615786552429199,0.9068156480789185,0.07931068539619446,0.03428046405315399
200,0.16876220703125,3.889967679977417,0.8977249264717102,0.043138809502124786,0.02430596388876438
250,0.16810332238674164,3.9150748252868652,0.9050917625427246,0.05337744951248169,0.024837728589773178
300,0.4216907024383545,4.267123222351074,0.8845945596694946,0.21879607439041138,0.019836317747831345
350,0.17502161860466003,3.678795337677002,0.9281271696090698,0.08729287981987,0.03614811226725578
400,0.178091362118721,3.2151663303375244,0.9010502099990845,0.04926169663667679,0.052771441638469696
450,0.1865542083978653,3.8253612518310547,0.8751682043075562,0.039436787366867065,0.03174363076686859
500,0.0399482399225235,4.780721664428711,0.9885581135749817,0.02673911862075329,0.014321934431791306
550,0.4914558231830597,3.5663952827453613,0.8904410004615784,0.28683769702911377,0.0397769995033741
600,0.4035876989364624,1.7718796730041504,0.7352725267410278,0.052316632121801376,0.22506564855575562
650,0.24076516926288605,3.5707755088806152,0.9278839826583862,0.14161771535873413,0.04234268143773079
700,0.28497979044914246,2.5182290077209473,0.8220481872558594,0.06428922712802887,0.10304031521081924
750,0.342620313167572,2.77559232711792,0.8822997808456421,0.1682947427034378,0.09527663141489029
800,0.26033851504325867,2.9568557739257812,0.9077824354171753,0.13644254207611084,0.07373544573783875
850,0.39653486013412476,2.2541425228118896,0.772092342376709,0.08742424845695496,0.1452660858631134
900,0.3067515194416046,3.0333242416381836,0.8863285779953003,0.14939561486244202,0.07132725417613983
950,0.17083650827407837,3.4278106689453125,0.923089861869812,0.07983402907848358,0.050004132091999054
1000,0.26650434732437134,2.990001916885376,0.9156257510185242,0.15168383717536926,0.06888298690319061
1050,0.5764071941375732,1.4718607664108276,0.7148406505584717,0.1753794252872467,0.27864497900009155
1100,0.3581586480140686,2.631287097930908,0.8818087577819824,0.18508900701999664,0.09892754256725311
1150,0.7136484384536743,1.3226220607757568,0.7206448316574097,0.28285491466522217,0.29901525378227234
1200,0.38311201333999634,1.5821216106414795,0.7710835933685303,0.08825607597827911,0.2429913431406021
1250,0.3755156397819519,1.9608690738677979,0.7683510780334473,0.08142384886741638,0.1749170571565628
1300,0.4006739556789398,2.1816797256469727,0.8329013586044312,0.1769787073135376,0.1404644250869751
1350,0.310187429189682,2.2495880126953125,0.8758257627487183,0.1484072357416153,0.12861786782741547
1400,0.7705819606781006,1.9041646718978882,0.7562300562858582,0.34906041622161865,0.18395835161209106
1450,0.17232754826545715,2.6713900566101074,0.9159649014472961,0.07462514936923981,0.08858073502779007
1500,0.31878572702407837,1.9298827648162842,0.7997978925704956,0.06860388815402985,0.18572263419628143
1550,0.3243945837020874,2.393958806991577,0.8329343199729919,0.11067098379135132,0.11597831547260284
1600,1.1990892887115479,1.0964164733886719,0.4397614002227783,0.21121622622013092,0.3917202949523926
1650,0.6990534663200378,2.7184159755706787,0.9090197682380676,0.4075172543525696,0.08969567716121674
1700,0.30803513526916504,2.223968982696533,0.8516993522644043,0.11848609149456024,0.13806623220443726
1750,0.5190492868423462,1.5226571559906006,0.7558239698410034,0.18523681163787842,0.2548977732658386
1800,0.42800790071487427,1.690474033355713,0.7224093079566956,0.06645680218935013,0.22817769646644592
1850,0.6564458608627319,2.402125358581543,0.8577507734298706,0.36314302682876587,0.11093392968177795
1900,0.17607158422470093,2.993319511413574,0.9186054468154907,0.07969599962234497,0.07174904644489288
1950,0.2843094766139984,2.64699649810791,0.8255726099014282,0.07590505480766296,0.09211493283510208
2000,0.732975959777832,2.2539243698120117,0.9169670343399048,0.4351584315299988,0.13176937401294708
2050,1.8963429927825928,0.7301605939865112,0.24120692908763885,0.03843323513865471,0.5468468070030212
2100,0.5127781629562378,1.4542423486709595,0.7242521047592163,0.1329641044139862,0.28202730417251587
2150,0.9725585579872131,1.0970702171325684,0.4388408660888672,0.04489913955330849,0.37683218717575073
2200,1.120326042175293,1.0715680122375488,0.394817590713501,0.051413461565971375,0.38232308626174927
2250,0.7826648950576782,4.581992149353027,0.9374022483825684,0.46728575229644775,0.014112657867372036
2300,0.44618165493011475,3.2357778549194336,0.9391798973083496,0.2890371084213257,0.05503540486097336
2350,0.20767539739608765,3.050121545791626,0.9317671060562134,0.12017166614532471,0.0637216567993164
2400,0.5382421016693115,2.2843947410583496,0.7884554862976074,0.22158092260360718,0.13459035754203796
2450,0.5141552090644836,1.8111265897750854,0.778624951839447,0.20505160093307495,0.19284909963607788
2500,0.5951254367828369,1.831010341644287,0.7231206893920898,0.20202825963497162,0.1995682567358017
2550,1.473645806312561,3.6091294288635254,0.9735558032989502,0.7055792808532715,0.04067362844944
2600,0.5449399948120117,2.7765512466430664,0.8647117018699646,0.2993580102920532,0.08078314363956451
2650,0.30563345551490784,2.2923009395599365,0.8855064511299133,0.1549665331840515,0.1288633942604065
2700,0.575798511505127,1.2261837720870972,0.6520059108734131,0.09417092800140381,0.3461403250694275
2750,0.546353280544281,1.8023279905319214,0.77061527967453,0.21226800978183746,0.20135998725891113
2800,0.608942449092865,1.1528489589691162,0.6330004930496216,0.08851698040962219,0.3642268776893616
2850,0.49025899171829224,1.5730305910110474,0.6953079104423523,0.08428911864757538,0.24830597639083862
2900,0.3885442018508911,1.956350564956665,0.7977122664451599,0.13043354451656342,0.16430258750915527
2950,0.42823535203933716,2.3050687313079834,0.875546395778656,0.23572173714637756,0.12436544895172119
3000,0.49626749753952026,1.6231800317764282,0.7226458191871643,0.12519052624702454,0.23503001034259796
3050,0.9644947648048401,0.6252615451812744,0.47564035654067993,0.09040816128253937,0.57393479347229
3100,0.5934000015258789,1.059107780456543,0.6613478660583496,0.11643058061599731,0.39455726742744446
3150,0.42875027656555176,2.6080386638641357,0.8450651168823242,0.20452263951301575,0.0993819385766983
3200,0.4660530388355255,2.351111888885498,0.8234451413154602,0.21301831305027008,0.12987029552459717
3250,0.43366289138793945,2.262472152709961,0.8399173617362976,0.19750861823558807,0.1355140507221222
3300,0.31839507818222046,2.4398961067199707,0.8520506620407104,0.12927204370498657,0.11125506460666656
3350,0.457461416721344,2.7657978534698486,0.8869031667709351,0.2609890103340149,0.08073028177022934
3400,0.5284536480903625,2.1830718517303467,0.8870531320571899,0.29881247878074646,0.14497870206832886
3450,0.3699822723865509,2.6749377250671387,0.8356828689575195,0.1508782058954239,0.09576233476400375
3500,0.5833505392074585,1.8263990879058838,0.7483140230178833,0.21715155243873596,0.19916856288909912
3550,0.4668792188167572,1.6685197353363037,0.7607525587081909,0.14546507596969604,0.22503092885017395
3600,0.7896766662597656,3.289686918258667,0.9152282476425171,0.44773349165916443,0.05307525023818016
3650,0.44045060873031616,2.037200450897217,0.7182247638702393,0.0683249682188034,0.16453440487384796
3700,0.45846113562583923,2.2365405559539795,0.8355307579040527,0.22248610854148865,0.13013601303100586
3750,0.4127609431743622,2.5042526721954346,0.8640000820159912,0.20976945757865906,0.11032749712467194
3800,0.42699772119522095,2.4589319229125977,0.8493865728378296,0.21004408597946167,0.11022056639194489
3850,0.4356413185596466,1.4798080921173096,0.7415271401405334,0.09362070262432098,0.27310043573379517
3900,0.343087762594223,2.7710838317871094,0.895220160484314,0.18453310430049896,0.08879384398460388
3950,0.3628097176551819,2.599764823913574,0.8584377765655518,0.17337796092033386,0.09828953444957733
4000,0.3534161448478699,2.3858540058135986,0.841402530670166,0.14799675345420837,0.11530662328004837
4050,0.43419763445854187,2.793745994567871,0.8808338046073914,0.24457086622714996,0.07725465297698975
4100,2.7141928672790527,0.664836049079895,0.10561331361532211,0.009744465351104736,0.5808430910110474
4150,1.045884132385254,0.8040965795516968,0.45412570238113403,0.11313261091709137,0.5015803575515747
4200,1.4663770198822021,0.6811046600341797,0.33937034010887146,0.08479626476764679,0.5487459897994995
4250,0.27856016159057617,2.705691337585449,0.9219138622283936,0.16184493899345398,0.09261631965637207
4300,0.6417270302772522,3.345285415649414,0.9552315473556519,0.40793347358703613,0.047155626118183136
4350,0.3050738275051117,2.3533718585968018,0.8814734816551208,0.14631810784339905,0.1279248148202896
4400,0.4128384590148926,2.9035134315490723,0.859148383140564,0.2030283361673355,0.07757262885570526
4450,0.8107072114944458,1.2227141857147217,0.6055337190628052,0.20556563138961792,0.3439858555793762
4500,0.32403385639190674,2.4941043853759766,0.9103279113769531,0.19333100318908691,0.10383959859609604
4550,0.347231924533844,2.3547415733337402,0.8750645518302917,0.17052052915096283,0.12708455324172974
4600,0.7607980370521545,1.1592113971710205,0.5599169731140137,0.0939721018075943,0.3772169351577759
4650,0.3425815999507904,3.0571212768554688,0.8814146518707275,0.17683875560760498,0.06685490906238556
4700,0.3970809280872345,2.0640974044799805,0.8185399770736694,0.15817517042160034,0.16148611903190613
4750,0.4859998822212219,1.8196014165878296,0.7492185831069946,0.13924816250801086,0.20476937294006348
4800,0.5364412069320679,1.2229819297790527,0.6540582180023193,0.05403434857726097,0.35158827900886536
4850,0.5426278710365295,2.261725425720215,0.6872352957725525,0.1088317334651947,0.13725894689559937
4900,2.881556749343872,0.5196303129196167,0.09214873611927032,0.009911278262734413,0.6494919061660767
4950,0.4678195118904114,2.6938586235046387,0.9306800961494446,0.3018512725830078,0.0865260511636734
5000,0.3009396195411682,3.0935816764831543,0.9026299118995667,0.16265907883644104,0.06466066092252731
5050,0.5459787845611572,2.922452926635742,0.921995997428894,0.3391014039516449,0.07053405046463013
5100,0.5818291902542114,2.902276039123535,0.8805471658706665,0.32993853092193604,0.07559262216091156
5150,0.38009536266326904,2.7308619022369385,0.9140547513961792,0.23183183372020721,0.08374166488647461
5200,0.6838859915733337,3.0860681533813477,0.9182056784629822,0.39845049381256104,0.06761150807142258
5250,0.8184159398078918,3.0123987197875977,0.9242271184921265,0.4770181179046631,0.06897302716970444
5300,0.48473891615867615,1.2306718826293945,0.7295884490013123,0.11258876323699951,0.34112852811813354
5350,0.2995673418045044,2.375182628631592,0.8491583466529846,0.11160663515329361,0.12463755160570145
5400,1.4413384199142456,3.1683239936828613,0.9502285718917847,0.6883676052093506,0.06072807312011719
5450,0.8852189779281616,3.1625261306762695,0.9346765875816345,0.4999404847621918,0.0593370720744133
5500,1.1243505477905273,3.7277731895446777,0.9597301483154297,0.5959596633911133,0.033807843923568726
5550,0.798566460609436,3.4695653915405273,0.9522641897201538,0.47582054138183594,0.04164179041981697
5600,0.4068087637424469,1.9734545946121216,0.7435904741287231,0.07511060684919357,0.17642010748386383
5650,0.6709464192390442,1.2549281120300293,0.5800004005432129,0.05093054473400116,0.3352123498916626
5700,0.29009342193603516,2.480696201324463,0.858227550983429,0.11265495419502258,0.11283248662948608
5750,0.3029617667198181,2.8816401958465576,0.8541005849838257,0.11719135195016861,0.07626494765281677
5800,0.5745902061462402,0.8289874196052551,0.632136344909668,0.06717465817928314,0.5004048943519592
5850,0.36493241786956787,2.900848388671875,0.7485969066619873,0.04644361138343811,0.08057841658592224
5900,0.7907246947288513,1.472578763961792,0.7354785203933716,0.3351460099220276,0.27347075939178467
5950,0.2802601158618927,2.3641910552978516,0.8580266833305359,0.10703446716070175,0.12540870904922485
6000,0.3676851987838745,2.8732247352600098,0.9337506294250488,0.2353087067604065,0.07539526373147964
6050,1.0053008794784546,0.07444792985916138,0.45662951469421387,0.05430489033460617,0.933273434638977
6100,0.6268593072891235,1.6251814365386963,0.6149020791053772,0.0846068263053894,0.2504175901412964
6150,0.31459683179855347,2.699214458465576,0.8430275917053223,0.11881759762763977,0.08980992436408997
6200,0.5610297322273254,3.7169408798217773,0.89380943775177,0.3193204402923584,0.03517380356788635
6250,1.5419361591339111,4.698965072631836,0.9643489122390747,0.7058922052383423,0.013440550304949284
6300,0.4536767601966858,2.1234378814697266,0.7034033536911011,0.055521994829177856,0.16805946826934814
6350,0.4403069317340851,4.05111837387085,0.9485886096954346,0.2958317995071411,0.023730475455522537
6400,1.1813920736312866,4.938665390014648,0.9792401790618896,0.6342493891716003,0.01015143096446991
6450,0.6354392766952515,1.7732908725738525,0.8167611360549927,0.30946552753448486,0.2166718989610672
6500,0.7794215083122253,0.5488404035568237,0.5232759714126587,0.023048508912324905,0.6227238178253174
6550,0.6165425181388855,3.753113269805908,0.9186815023422241,0.37804698944091797,0.03178827464580536
6600,0.5938531756401062,4.178253650665283,0.9451292157173157,0.3762451708316803,0.0214882530272007
6650,0.5946826934814453,1.874324083328247,0.6088343262672424,0.03732771798968315,0.209523007273674
6700,0.6735789775848389,0.911155104637146,0.5811417102813721,0.05478484556078911,0.45399561524391174
6750,0.4902731478214264,0.9721472263336182,0.6741472482681274,0.04481497406959534,0.4338734745979309
6800,0.3751530647277832,1.978441834449768,0.8387778401374817,0.1484012007713318,0.18107546865940094
6850,0.560826301574707,3.4598989486694336,0.9297080636024475,0.348874032497406,0.04294433072209358
6900,0.24186554551124573,2.785147190093994,0.8637571334838867,0.07770387828350067,0.0851227194070816
6950,0.45266208052635193,2.704192638397217,0.8625796437263489,0.2369089126586914,0.09674885123968124
7000,0.5946056842803955,2.5891385078430176,0.8726702928543091,0.32915592193603516,0.10028634965419769
7050,0.885158360004425,1.205538272857666,0.5683667659759521,0.18518300354480743,0.36218565702438354
7100,0.671245276927948,2.591897964477539,0.8828155994415283,0.3752892017364502,0.10250364243984222
7150,1.1512106657028198,1.110731840133667,0.4056590795516968,0.07389608025550842,0.39815834164619446
7200,0.44336509704589844,1.7901268005371094,0.7686610817909241,0.13830548524856567,0.20458079874515533
7250,0.48445239663124084,3.037658214569092,0.9543344974517822,0.32255956530570984,0.06423993408679962
7300,0.4017464518547058,2.3151557445526123,0.8793857097625732,0.21390101313591003,0.13371874392032623
7350,0.5835458040237427,2.810354709625244,0.764378547668457,0.2065925896167755,0.09060145914554596
7400,0.5964311361312866,3.8002660274505615,0.9519029259681702,0.3809756636619568,0.03261488676071167
7450,0.39709362387657166,2.825509548187256,0.9020019173622131,0.22716394066810608,0.08240465819835663
7500,0.30157530307769775,2.082245349884033,0.8472791910171509,0.11417233943939209,0.16717952489852905
7550,0.3823000192642212,2.0121147632598877,0.776814341545105,0.0961209386587143,0.1715472936630249
7600,0.33191365003585815,2.5799801349639893,0.9208858013153076,0.2013254463672638,0.098259836435318
7650,0.33445343375205994,3.1331825256347656,0.9154261946678162,0.19951173663139343,0.06022750213742256
7700,0.45696136355400085,1.3971682786941528,0.7315512895584106,0.0880579948425293,0.30243682861328125
7750,0.4464072585105896,1.686508059501648,0.7435359954833984,0.10653278231620789,0.2290513664484024
7800,1.060405969619751,5.799633979797363,0.9624941349029541,0.5710906982421875,0.005962136201560497
7850,0.4780625104904175,2.291807174682617,0.8294054865837097,0.2231452614068985,0.13014882802963257
7900,0.3776485323905945,3.0930864810943604,0.8983729481697083,0.2087152749300003,0.06549036502838135
7950,0.48067188262939453,2.8974900245666504,0.9602345824241638,0.32546401023864746,0.07745210826396942
8000,0.9607658386230469,1.3323144912719727,0.44448381662368774,0.041591040790081024,0.32660603523254395
8050,0.42703908681869507,3.1541242599487305,0.8997015953063965,0.2542991638183594,0.05676405131816864
8100,0.3246021270751953,2.5834879875183105,0.9175728559494019,0.19492016732692719,0.10261978209018707
8150,1.176676869392395,0.4185378849506378,0.37897276878356934,0.012780900113284588,0.6871727108955383
8200,0.3541574478149414,2.126192569732666,0.828118085861206,0.13347256183624268,0.15162819623947144
8250,0.38271015882492065,3.2208240032196045,0.9026386737823486,0.22436660528182983,0.05388475954532623
8300,0.5838895440101624,2.2298922538757324,0.7807527780532837,0.2494061291217804,0.14987193048000336
8350,0.3505636751651764,2.165736198425293,0.8304981589317322,0.13362136483192444,0.14622105658054352
8400,0.4209677577018738,1.7109158039093018,0.7499681711196899,0.097294881939888,0.23595595359802246
8450,0.3729552924633026,2.2398881912231445,0.842156708240509,0.15982092916965485,0.1444636583328247
8500,0.39846962690353394,2.050157070159912,0.7698653936386108,0.1010659784078598,0.17971131205558777
8550,0.20191048085689545,3.0359606742858887,0.8971900343894958,0.08197467774152756,0.06771363317966461
8600,0.5078222751617432,1.8039706945419312,0.6738553047180176,0.05432599037885666,0.21976642310619354
8650,0.48839351534843445,1.35251784324646,0.6825807094573975,0.06756065785884857,0.31564968824386597
8700,0.3458588123321533,2.2335948944091797,0.7988122701644897,0.09237006306648254,0.14136546850204468
8750,1.0271226167678833,4.41032600402832,0.9793040752410889,0.5849475264549255,0.01820947229862213
8800,0.4320802688598633,2.3088107109069824,0.9077068567276001,0.26097822189331055,0.12963040173053741
8850,0.5846382975578308,3.2370617389678955,0.934471607208252,0.35745805501937866,0.055762968957424164
8900,0.339672327041626,3.0769994258880615,0.9033247828483582,0.19523754715919495,0.06341855227947235
8950,0.27746880054473877,2.3639464378356934,0.8764772415161133,0.12461979687213898,0.12588170170783997
9000,0.2989373803138733,2.8728201389312744,0.8464809656143188,0.10441049933433533,0.0768987238407135
9050,0.4616037905216217,2.4920246601104736,0.8858965039253235,0.2479165494441986,0.12010452151298523
9100,0.40396708250045776,2.28389310836792,0.8769147396087646,0.2119694948196411,0.1347939670085907
9150,0.2851719558238983,3.1637978553771973,0.9045422673225403,0.1526501178741455,0.05935730040073395
9200,0.4139946699142456,3.0655927658081055,0.881011426448822,0.2227528691291809,0.06969581544399261
9250,0.43974000215530396,2.886582851409912,0.8908578157424927,0.2432383894920349,0.07914653420448303
9300,1.1790776252746582,5.066096305847168,0.9896997213363647,0.6217569708824158,0.010159027762711048
9350,0.6336972713470459,3.9109387397766113,0.935878336429596,0.39999818801879883,0.027476873248815536
9400,0.3689168095588684,2.9237375259399414,0.8773617744445801,0.18623384833335876,0.07252703607082367
9450,0.5528990030288696,2.7296435832977295,0.8138779401779175,0.25225919485092163,0.08671395480632782
9500,0.39066100120544434,3.129733085632324,0.861243724822998,0.1909722536802292,0.05880181863903999
9550,0.33022540807724,2.3786380290985107,0.865630030632019,0.15573209524154663,0.12403423339128494
9600,0.8892467617988586,1.6604456901550293,0.4753130376338959,0.03702181205153465,0.24917718768119812
9650,0.2985578179359436,2.29238224029541,0.8420154452323914,0.10711950063705444,0.1343834549188614
9700,0.4432728886604309,1.7419226169586182,0.8014802932739258,0.17237554490566254,0.21777014434337616
9750,0.4609386622905731,2.887385845184326,0.8942161202430725,0.26225483417510986,0.07735605537891388
9800,0.9743708372116089,0.6058640480041504,0.48089075088500977,0.1148056760430336,0.5891196131706238
9850,0.35177722573280334,2.642486095428467,0.8836284875869751,0.18524500727653503,0.0952293798327446
9900,0.2704246938228607,2.2122416496276855,0.9096871018409729,0.14958205819129944,0.15097488462924957
9950,0.2337561398744583,3.268833637237549,0.9189270734786987,0.12221521139144897,0.05499695986509323
10000,0.356563925743103,3.127840042114258,0.8454355597496033,0.14776216447353363,0.06332792341709137
10050,0.5019373297691345,1.8973948955535889,0.6648132801055908,0.0429694689810276,0.2167944312095642
10100,0.6230410933494568,1.5790760517120361,0.5948949456214905,0.0383962020277977,0.28506749868392944
10150,0.3170866370201111,2.858628749847412,0.9004756212234497,0.17638680338859558,0.078469417989254
10200,0.3923453688621521,1.7173984050750732,0.7475298643112183,0.05884914845228195,0.23548786342144012
10250,1.0801095962524414,3.6291327476501465,0.9144911766052246,0.5597828030586243,0.040052201598882675
10300,0.4069945812225342,1.109799861907959,0.7410531044006348,0.06733018904924393,0.38988393545150757
10350,0.270397424697876,2.3648293018341064,0.8968117833137512,0.13807344436645508,0.12083595246076584
10400,0.43551722168922424,2.802277088165283,0.9460114240646362,0.2824380397796631,0.08535128831863403
10450,0.6361455321311951,0.8074513673782349,0.6107010245323181,0.04530996084213257,0.49210211634635925
10500,0.3553282618522644,2.0037758350372314,0.7566927671432495,0.03922796621918678,0.18926814198493958
10550,0.33055976033210754,3.710820198059082,0.9079135060310364,0.19209024310112,0.03398514539003372
10600,0.6821437478065491,1.5394294261932373,0.5719195604324341,0.026479274034500122,0.2708369493484497
10650,0.3742716610431671,1.9437127113342285,0.7562968730926514,0.058595575392246246,0.19129690527915955
10700,0.31670767068862915,2.5802717208862305,0.8729716539382935,0.1442481279373169,0.10716968774795532
10750,1.1150273084640503,5.653355598449707,0.9935375452041626,0.6014037132263184,0.006143905222415924
10800,0.3582649528980255,2.9219512939453125,0.8941541314125061,0.19755330681800842,0.07173094898462296
10850,0.37966322898864746,4.054330348968506,0.9573811292648315,0.26154184341430664,0.024541079998016357
10900,0.284241259098053,2.494006395339966,0.8620308637619019,0.11114643514156342,0.1101982593536377
10950,0.5142714977264404,3.3886473178863525,0.9138185381889343,0.3156265318393707,0.044724978506565094
11000,0.42133113741874695,3.8013010025024414,0.9446007013320923,0.27495890855789185,0.03217070549726486
11050,0.7576645016670227,2.53310489654541,0.858556866645813,0.3661925792694092,0.11602151393890381
11100,0.34574517607688904,1.9932265281677246,0.8442211151123047,0.14148081839084625,0.1811886578798294
11150,0.5675626397132874,1.2007991075515747,0.6699029207229614,0.10892562568187714,0.3560667634010315
11200,0.3801042437553406,2.427727699279785,0.81766676902771,0.13487355411052704,0.12572266161441803
11250,0.2749024033546448,2.0059125423431396,0.8185502290725708,0.05526093766093254,0.19048070907592773
11300,0.36326733231544495,2.3678975105285645,0.8288421034812927,0.1368543803691864,0.1318138837814331
11350,0.34553685784339905,3.7442989349365234,0.9345030784606934,0.21834813058376312,0.03546762838959694
11400,0.20335757732391357,3.527994394302368,0.9609476923942566,0.1390950083732605,0.041973285377025604
11450,0.29114627838134766,2.621281623840332,0.8729162216186523,0.13157331943511963,0.0981922298669815
11500,0.27258777618408203,2.143728733062744,0.8174099326133728,0.051436521112918854,0.15564976632595062
11550,0.6420733332633972,1.3637645244598389,0.5989711284637451,0.05336500704288483,0.3142208456993103
11600,0.2887369990348816,3.06837797164917,0.8809603452682495,0.13608333468437195,0.0639631599187851
11650,0.23073197901248932,2.4551124572753906,0.8842874765396118,0.0917103961110115,0.11242829263210297
11700,0.22734034061431885,2.87985897064209,0.8861926794052124,0.09118489176034927,0.08394815027713776
11750,0.2428891956806183,2.877304792404175,0.8901850581169128,0.10740923881530762,0.08018714189529419
11800,0.19662237167358398,3.547290325164795,0.9341146945953369,0.11164603382349014,0.040085118263959885
11850,0.3903166651725769,3.4096434116363525,0.9489656686782837,0.2518458068370819,0.04657214134931564
11900,0.2540680766105652,2.7843053340911865,0.857553243637085,0.08124536275863647,0.08746574819087982
11950,0.30454447865486145,3.3508200645446777,0.7899535298347473,0.03678425773978233,0.054547268897295
12000,0.5071039795875549,4.557200908660889,0.9576721787452698,0.3288227915763855,0.01626996509730816
12050,0.357450932264328,1.8639100790023804,0.7548992037773132,0.04639950394630432,0.1984996795654297
12100,0.5225114822387695,0.3906896412372589,0.6425551772117615,0.01971381902694702,0.7266514301300049
12150,0.909050464630127,3.9053454399108887,0.9841859936714172,0.5345891118049622,0.02922055870294571
12200,0.6126609444618225,3.2363481521606445,0.972161591053009,0.3915795683860779,0.05412404611706734
12250,0.28927040100097656,2.4772896766662598,0.8259202837944031,0.08231276273727417,0.11218621581792831
12300,0.3330196142196655,3.4455676078796387,0.8569090366363525,0.13900010287761688,0.04803665727376938
12350,0.4787399172782898,1.9532102346420288,0.7564037442207336,0.14840807020664215,0.18266138434410095
12400,0.4914509356021881,2.161071538925171,0.7126522064208984,0.10177738219499588,0.15614163875579834
12450,0.24330584704875946,2.25726318359375,0.9049147367477417,0.12174012511968613,0.1436019092798233
12500,0.2715854048728943,2.3167808055877686,0.8076021671295166,0.0391315221786499,0.13392403721809387
12550,0.5171124935150146,1.9749314785003662,0.7918562889099121,0.21276725828647614,0.17205949127674103
12600,0.29111218452453613,2.374584197998047,0.8644846677780151,0.11739833652973175,0.12561482191085815
12650,0.482577383518219,1.1584579944610596,0.6637709140777588,0.02722623199224472,0.37411829829216003
12700,0.16336756944656372,3.372565746307373,0.973366916179657,0.1184869185090065,0.05076714977622032
12750,0.23720219731330872,2.5311074256896973,0.8254239559173584,0.031121114268898964,0.11218006908893585
12800,0.4602106809616089,2.265150308609009,0.7899245023727417,0.17471164464950562,0.14302630722522736
12850,0.30238592624664307,3.355421543121338,0.9483584761619568,0.1958814561367035,0.053086280822753906
12900,0.4270903170108795,4.157372951507568,0.9573383331298828,0.2868504524230957,0.022306829690933228
12950,0.4231250584125519,1.2556471824645996,0.7189094424247742,0.05072189122438431,0.3282020688056946
13000,0.3104081153869629,2.084604024887085,0.8155826330184937,0.0854884535074234,0.1634351760149002
13050,0.23238249123096466,2.6558024883270264,0.9082367420196533,0.11675012111663818,0.09818080067634583
13100,0.43566858768463135,3.7861075401306152,0.9682371020317078,0.30524808168411255,0.03078121319413185
13150,0.22992973029613495,2.38323974609375,0.8589545488357544,0.06436003744602203,0.12604492902755737
13200,0.3481639623641968,2.4976203441619873,0.8512360453605652,0.15501180291175842,0.11491641402244568
13250,0.3532784581184387,1.9305185079574585,0.7853366136550903,0.07815293967723846,0.18665358424186707
13300,0.7362357974052429,1.1457269191741943,0.5369117259979248,0.013275990262627602,0.3779568076133728
13350,2.78791880607605,0.1897633969783783,0.15568143129348755,0.05200404301285744,0.8527286052703857
13400,0.3502441644668579,2.9287610054016113,0.8731470108032227,0.17482946813106537,0.07198799401521683
13450,0.282817006111145,2.7452807426452637,0.9618329405784607,0.19887703657150269,0.08766385912895203
13500,0.3630041778087616,3.2508296966552734,0.9466001987457275,0.24221386015415192,0.05368640273809433
13550,0.28220218420028687,2.8584446907043457,0.9160394668579102,0.16108322143554688,0.07956229150295258
13600,0.2896004915237427,3.1831002235412598,0.9473723769187927,0.19348680973052979,0.059188663959503174
13650,0.2939431667327881,2.597188949584961,0.8946312665939331,0.15356537699699402,0.09921859949827194
13700,0.24027985334396362,3.222388744354248,0.9069074392318726,0.12438029050827026,0.05794287845492363
13750,0.43974602222442627,1.9257115125656128,0.7505457401275635,0.11445093154907227,0.19582803547382355
13800,0.33620619773864746,2.0988526344299316,0.7890347838401794,0.07406081259250641,0.17622403800487518
13850,0.9459872245788574,1.4175763130187988,0.4656265377998352,0.0228527020663023,0.3334503769874573
13900,0.17467990517616272,3.2034168243408203,0.9264954328536987,0.08752216398715973,0.057107314467430115
13950,0.24359644949436188,3.0803346633911133,0.9143552184104919,0.1283709704875946,0.06572830677032471
14000,0.258745402097702,2.7058780193328857,0.8837536573410034,0.11024677753448486,0.09779389202594757
14050,0.39012837409973145,1.1703637838363647,0.719054102897644,0.026519592851400375,0.36711615324020386
14100,0.3596802353858948,2.553454875946045,0.9188183546066284,0.21543684601783752,0.10811646282672882
14150,0.2858967185020447,2.552866220474243,0.8819614052772522,0.1339414119720459,0.10581539571285248
14200,0.4482038617134094,3.931541919708252,0.946197509765625,0.2940199077129364,0.029003119096159935
14250,0.3998265266418457,3.1484673023223877,0.885527491569519,0.21657761931419373,0.06274829059839249
14300,0.20919407904148102,2.461742877960205,0.9242219924926758,0.1157849058508873,0.11259406805038452
14350,0.18866434693336487,3.188983917236328,0.9242904186248779,0.09521758556365967,0.061845436692237854
14400,0.2725597023963928,2.09913969039917,0.8490521907806396,0.09256380796432495,0.1543903648853302
14450,0.35890433192253113,2.4362287521362305,0.7861924767494202,0.08974815160036087,0.11275458335876465
14500,1.664634108543396,0.6212565302848816,0.2838819622993469,0.009389607235789299,0.5880471467971802
14550,0.6841367483139038,3.8959951400756836,0.9744946956634521,0.4379008412361145,0.02649719826877117
14600,0.9082617163658142,3.7914180755615234,0.9760624170303345,0.5204553008079529,0.0355931892991066
14650,0.5091001391410828,3.062264919281006,0.8684638738632202,0.2637932598590851,0.07135511934757233
14700,0.2735823690891266,2.3806724548339844,0.8039826154708862,0.03166121616959572,0.12579116225242615
14750,0.214804008603096,3.132162570953369,0.8700637817382812,0.05984840169548988,0.0648995116353035
14800,0.454006552696228,0.9956215620040894,0.7228220701217651,0.0843006819486618,0.42624127864837646
14850,0.3225444555282593,1.5666593313217163,0.7866314649581909,0.05996091663837433,0.27376842498779297
14900,0.3593920171260834,3.0520787239074707,0.8609113097190857,0.1645636260509491,0.06985440850257874
14950,0.5538766980171204,2.1376633644104004,0.7071307897567749,0.1181613951921463,0.1799028217792511
15000,0.42445695400238037,2.150036573410034,0.8419026136398315,0.1915607452392578,0.14827515184879303
15050,0.5660824179649353,1.4625288248062134,0.6316573023796082,0.02634662762284279,0.29526305198669434
15100,1.052638053894043,1.4704029560089111,0.4396700859069824,0.07654567062854767,0.2813229560852051
15150,0.3631950318813324,2.0112504959106445,0.783700168132782,0.07661616802215576,0.18920740485191345
15200,0.2851594090461731,2.8261640071868896,0.8634061217308044,0.1166553646326065,0.07992352545261383
15250,0.2831569314002991,3.03737473487854,0.8408322334289551,0.08879518508911133,0.07554802298545837
15300,0.18457239866256714,3.685598850250244,0.9300079345703125,0.09434346109628677,0.04068438708782196
15350,0.6433209180831909,3.7134246826171875,0.9802471399307251,0.4084393084049225,0.03541715070605278
15400,0.2343372404575348,3.6662240028381348,0.8810697197914124,0.0919647365808487,0.04331487417221069
15450,0.4408785402774811,1.3763868808746338,0.6971104145050049,0.03195646032691002,0.31557348370552063
15500,0.25259074568748474,3.4695377349853516,0.9147984981536865,0.13358232378959656,0.052833445370197296
15550,0.27291378378868103,3.721900463104248,0.9447911977767944,0.17832739651203156,0.03463601693511009
15600,0.12917068600654602,3.578993558883667,0.9662899971008301,0.08550195395946503,0.0426158607006073
15650,0.2648828625679016,3.6243884563446045,0.9225960969924927,0.15309922397136688,0.04116101190447807
15700,0.3319459855556488,2.3252243995666504,0.798018217086792,0.08287753909826279,0.13491135835647583
15750,1.170657992362976,0.9141002893447876,0.37919145822525024,0.013134434819221497,0.4694606065750122
15800,0.6559572815895081,3.347395658493042,0.9564495086669922,0.4087934195995331,0.04864441603422165
15850,0.4892755150794983,3.725192070007324,0.9145932197570801,0.29150694608688354,0.03711432218551636
15900,0.23614385724067688,2.3569326400756836,0.8587857484817505,0.06937377899885178,0.12767831981182098
15950,0.6439870595932007,0.7226699590682983,0.6163697242736816,0.07288825511932373,0.5413790941238403
16000,0.308591365814209,2.8925530910491943,0.768420934677124,0.018161039799451828,0.0902080088853836
16050,0.2305455207824707,3.5463109016418457,0.9347130060195923,0.14000482857227325,0.041074059903621674
16100,0.3541492819786072,1.2816276550292969,0.7670721411705017,0.056052375584840775,0.34002038836479187
16150,0.6183909773826599,2.272775650024414,0.5995646715164185,0.03239569067955017,0.15763580799102783
16200,0.39090609550476074,1.5241143703460693,0.7419922947883606,0.0609082356095314,0.27335602045059204
16250,0.48378700017929077,5.036689758300781,0.9569885730743408,0.3123418688774109,0.010399451479315758
16300,0.5358033776283264,1.555463194847107,0.7289549708366394,0.15388123691082,0.26505446434020996
16350,0.35454171895980835,2.7372686862945557,0.8493286967277527,0.15219426155090332,0.08848591893911362
16400,0.23890915513038635,2.1776859760284424,0.8255355954170227,0.0319390669465065,0.1509617120027542
16450,0.4273475408554077,3.5077273845672607,0.9358654022216797,0.2770709693431854,0.04153192788362503
16500,0.8763128519058228,5.6865234375,0.9877339005470276,0.5163140296936035,0.005253885872662067
16550,0.35551294684410095,1.6014413833618164,0.8108686208724976,0.11483016610145569,0.25427430868148804
16600,0.2602941393852234,2.6641123294830322,0.8635233640670776,0.08790415525436401,0.10612592101097107
16650,0.6644494533538818,2.271376132965088,0.5738092660903931,0.017088554799556732,0.15173953771591187
16700,0.8477903604507446,2.138331651687622,0.49557122588157654,0.029477916657924652,0.16938422620296478
16750,0.2935124635696411,2.311457633972168,0.876562237739563,0.1326776146888733,0.13485656678676605
16800,0.3313594162464142,2.312676429748535,0.8046178221702576,0.08441605418920517,0.13769561052322388
16850,0.5510028600692749,2.1180434226989746,0.6266790628433228,0.01673569716513157,0.16945278644561768
16900,0.34864139556884766,3.0026142597198486,0.9198991656303406,0.2023106813430786,0.0758545845746994
16950,0.4153646230697632,1.125529408454895,0.7111877202987671,0.03282870352268219,0.3921700119972229
17000,0.5184048414230347,2.912930488586426,0.8165212273597717,0.23678575456142426,0.07598892599344254
17050,0.27707821130752563,2.2941713333129883,0.7977892160415649,0.030203208327293396,0.1470480114221573
17100,0.31212109327316284,1.8423537015914917,0.8386579751968384,0.10639425367116928,0.21721151471138
17150,0.8904837965965271,2.590836524963379,0.8198932409286499,0.41779041290283203,0.11271120607852936
17200,0.47979936003685,3.4913206100463867,0.9448157548904419,0.30704519152641296,0.04371442645788193
17250,0.4753603935241699,1.6137895584106445,0.6742708683013916,0.027340997010469437,0.2641284763813019
17300,0.3194008767604828,3.235973834991455,0.9001843929290771,0.17191320657730103,0.05620530992746353
17350,0.2702588140964508,2.5637412071228027,0.8533361554145813,0.09104765951633453,0.11094323545694351
17400,0.3085783123970032,2.8420872688293457,0.8273187875747681,0.09305237233638763,0.0872393324971199
17450,0.27523985505104065,2.4133424758911133,0.7955731749534607,0.022073322907090187,0.12829028069972992
17500,0.2547668516635895,3.8153510093688965,0.9096890091896057,0.12850993871688843,0.03706624358892441
17550,1.1228331327438354,0.4140532314777374,0.3748432397842407,0.006972174625843763,0.6980304718017578
17600,0.2231258749961853,2.494915246963501,0.8773725628852844,0.07630576193332672,0.1123066395521164
17650,0.206666499376297,2.989687919616699,0.8475257158279419,0.02358664944767952,0.07425780594348907
17700,0.3820127248764038,4.082911491394043,0.943688154220581,0.24383506178855896,0.02738589234650135
17750,0.6097100377082825,2.5322909355163574,0.6887369155883789,0.12997271120548248,0.12353280186653137
17800,0.22565989196300507,3.7625224590301514,0.9328557252883911,0.1322280764579773,0.03246830031275749
17850,0.2857038378715515,3.429147720336914,0.8437463045120239,0.08917643129825592,0.04909256100654602
17900,0.36146819591522217,3.6113967895507812,0.8937838077545166,0.19078677892684937,0.036610644310712814
17950,0.18115457892417908,2.7845306396484375,0.8776280879974365,0.040244169533252716,0.09844087064266205
18000,0.34678560495376587,3.1488661766052246,0.7425808906555176,0.019224418327212334,0.07461996376514435
18050,0.5656856298446655,3.379769802093506,0.8740445375442505,0.30235883593559265,0.049841076135635376
18100,0.19437289237976074,3.8457202911376953,0.8884480595588684,0.06621002405881882,0.03426843136548996
18150,0.19727277755737305,3.397831678390503,0.9045186638832092,0.08397255092859268,0.05155477300286293
18200,0.17305369675159454,3.94810152053833,0.9409729242324829,0.09082290530204773,0.03172239288687706
18250,0.9292635321617126,1.7098134756088257,0.4542008638381958,0.005744473077356815,0.2360275387763977
18300,0.4374622106552124,4.49336051940918,0.9577758312225342,0.2893211841583252,0.016611788421869278
18350,0.22528263926506042,2.832023859024048,0.9239287376403809,0.1272858828306198,0.07338883727788925
18400,0.7145270705223083,1.3581876754760742,0.5474223494529724,0.01313256099820137,0.3642983138561249
18450,0.31856778264045715,3.884279251098633,0.9553537964820862,0.21180780231952667,0.03159431368112564
18500,0.7270849943161011,2.2423923015594482,0.5305883884429932,0.008583448827266693,0.1515008509159088
18550,0.2557239532470703,3.5928471088409424,0.8251847624778748,0.04751437157392502,0.048159267753362656
18600,0.396155446767807,4.733354568481445,0.9649951457977295,0.2760828733444214,0.012264067307114601
18650,0.3013857305049896,4.144720554351807,0.9273902773857117,0.1837044358253479,0.02329869195818901
18700,0.23380480706691742,3.873607635498047,0.896814227104187,0.10455264896154404,0.031105220317840576
18750,0.36705222725868225,2.3725361824035645,0.7359177470207214,0.02585175633430481,0.13774295151233673
18800,0.5872560739517212,1.1246209144592285,0.6005080938339233,0.016180802136659622,0.3857019543647766
18850,0.22144457697868347,3.7686214447021484,0.969346284866333,0.16215050220489502,0.035197749733924866
18900,0.2249058336019516,3.2613542079925537,0.9361358284950256,0.137332946062088,0.05304829776287079
18950,0.1766708642244339,3.188825845718384,0.8822924494743347,0.04378432780504227,0.06149093061685562
19000,0.17443978786468506,2.0821237564086914,0.92674720287323,0.0844210684299469,0.18017011880874634
19050,0.20636245608329773,3.9459736347198486,0.9639801979064941,0.14270931482315063,0.029812056571245193
19100,0.4391120672225952,1.732582926750183,0.7028017044067383,0.04313335940241814,0.2533308267593384
19150,0.32624825835227966,2.4275436401367188,0.7941884994506836,0.07201433926820755,0.13879619538784027
19200,0.5413766503334045,3.948540687561035,0.9411534667015076,0.3376046419143677,0.030013907700777054
19250,0.1316175013780594,3.3921263217926025,0.9165036678314209,0.039686013013124466,0.05383240059018135
19300,0.2315797060728073,3.024993419647217,0.908543586730957,0.11572100222110748,0.07088349759578705
19350,0.2982533574104309,3.056232213973999,0.9008828997612,0.16209952533245087,0.06602569669485092
19400,0.3041892349720001,2.6383514404296875,0.8666133880615234,0.1322823166847229,0.1027422845363617
19450,0.19715094566345215,2.9374191761016846,0.9259651899337769,0.10495375841856003,0.074339359998703
19500,0.24238383769989014,3.1548349857330322,0.8933361768722534,0.11161848902702332,0.0605582594871521
19550,0.26973196864128113,2.704660415649414,0.8225242495536804,0.057320285588502884,0.09725777804851532
19600,0.32474276423454285,4.127573013305664,0.9810198545455933,0.2435516119003296,0.022497059777379036
19650,0.1842462420463562,3.239246368408203,0.9153313636779785,0.08320190012454987,0.05800604075193405
19700,0.8616839647293091,4.733871936798096,0.9760288000106812,0.5068620443344116,0.012334752827882767
19750,0.23302629590034485,2.5473990440368652,0.9316774606704712,0.13872912526130676,0.1053568422794342
19800,0.28408703207969666,3.142728328704834,0.92364901304245,0.17169329524040222,0.06058753281831741
19850,0.197340726852417,3.63580584526062,0.8619951009750366,0.03869050368666649,0.03987405076622963
19900,0.2565556764602661,2.346177577972412,0.8589029312133789,0.08408565819263458,0.1314466893672943
19950,0.8588985204696655,5.517112731933594,0.9713206887245178,0.4692313075065613,0.009535826742649078
20000,0.38681086897850037,2.702859878540039,0.7445597648620605,0.05344362556934357,0.1051245927810669
20050,0.27612990140914917,3.5204944610595703,0.9143579006195068,0.15478776395320892,0.043329447507858276
20100,0.25922301411628723,3.4061825275421143,0.952104926109314,0.16400817036628723,0.04942404478788376
20150,0.2619977593421936,2.793596029281616,0.9232934713363647,0.1521470546722412,0.08951839804649353
20200,0.4035073518753052,2.3711369037628174,0.7063494920730591,0.01981930434703827,0.12547200918197632
20250,0.3932587802410126,3.548236608505249,0.975255012512207,0.2791234850883484,0.04086994379758835
20300,0.18821503221988678,3.3065552711486816,0.9480531215667725,0.11823256313800812,0.051188960671424866
20350,0.15349023044109344,3.834165573120117,0.9539731740951538,0.09066645056009293,0.03339054808020592
20400,0.1872197687625885,3.1839473247528076,0.8617841601371765,0.028389088809490204,0.06483587622642517
20450,0.4946790039539337,1.1850457191467285,0.6726031303405762,0.04998992756009102,0.3983495831489563
20500,0.21847157180309296,3.4992516040802,0.8408926129341125,0.029993897303938866,0.049818165600299835
20550,0.7397661805152893,3.9656105041503906,0.9551210403442383,0.43855521082878113,0.03088677115738392
20600,0.22216133773326874,3.6531119346618652,0.9499480724334717,0.14632058143615723,0.03789343684911728
20650,0.3428788185119629,2.560760736465454,0.9283808469772339,0.2054802030324936,0.11599688977003098
20700,0.5983022451400757,4.07047176361084,0.9510781764984131,0.3808397352695465,0.0245662834495306
20750,0.5135746002197266,1.8865593671798706,0.6793512105941772,0.04952915012836456,0.22075286507606506
20800,0.206614688038826,3.9574954509735107,0.9363049268722534,0.12193580716848373,0.028435062617063522
20850,0.1585407704114914,3.957146167755127,0.9351807832717896,0.07980550825595856,0.030646387487649918
20900,0.859980583190918,2.9057791233062744,0.8981574773788452,0.46849536895751953,0.07562032341957092
20950,0.2847996950149536,3.086592197418213,0.808501124382019,0.051206380128860474,0.06519073992967606
21000,0.2765583097934723,2.868273973464966,0.8475185632705688,0.07955159991979599,0.08536047488451004
21050,0.40106165409088135,3.032608985900879,0.913009762763977,0.23556959629058838,0.06804696470499039
21100,0.31233370304107666,1.7704012393951416,0.7891297936439514,0.05318942666053772,0.23254838585853577
21150,0.24903902411460876,3.626265525817871,0.9144301414489746,0.13358527421951294,0.04135419800877571
21200,0.34417665004730225,2.0083656311035156,0.8070788979530334,0.0951424315571785,0.18036946654319763
21250,0.5006970763206482,4.000840663909912,0.978030800819397,0.3338810205459595,0.029445573687553406
21300,0.2753307819366455,2.8906984329223633,0.9074766635894775,0.14799202978610992,0.0725855678319931
21350,0.12371531873941422,4.221028804779053,0.9391559362411499,0.05505715310573578,0.02570391073822975
21400,0.18935735523700714,4.3895583152771,0.9431425333023071,0.1144527792930603,0.01924889162182808
21450,0.12411230057477951,3.4925973415374756,0.9227690696716309,0.03801316022872925,0.04374761879444122
21500,0.26515641808509827,3.826232671737671,0.935016393661499,0.1599329113960266,0.032875336706638336
21550,0.1571161150932312,3.269240140914917,0.9247413873672485,0.07093851268291473,0.05703101307153702
21600,0.2718527019023895,4.3516974449157715,0.9636070728302002,0.18873050808906555,0.01883140578866005
21650,0.2243860363960266,3.603034496307373,0.9410927295684814,0.1393565684556961,0.039274413138628006
21700,0.3025742173194885,3.273359537124634,0.8168957829475403,0.07227956503629684,0.06817878782749176
21750,0.6549649238586426,0.9928944110870361,0.6486736536026001,0.12568223476409912,0.45008963346481323
21800,0.3858831524848938,2.736577033996582,0.7962554693222046,0.11510201543569565,0.09577447921037674
21850,0.24513256549835205,3.5009469985961914,0.9124445915222168,0.1286422461271286,0.04511139541864395
21900,0.276807576417923,3.789475917816162,0.9084874391555786,0.1510244905948639,0.03299655020236969
21950,0.1638425886631012,3.4155235290527344,0.9158869981765747,0.06634730100631714,0.050596076995134354
22000,0.6276367902755737,1.8092763423919678,0.5969639420509338,0.03251685947179794,0.22254244983196259
22050,0.307941198348999,2.5359160900115967,0.9250606894493103,0.1852421909570694,0.1201627254486084
22100,0.1471908986568451,2.719813823699951,0.9087775349617004,0.0459989458322525,0.09421828389167786
22150,0.26961976289749146,2.176158905029297,0.8202379941940308,0.05210695415735245,0.1546497642993927
22200,0.2969565987586975,1.6219514608383179,0.8118603229522705,0.06846696138381958,0.2581869959831238
22250,0.29131507873535156,3.1075894832611084,0.8658514618873596,0.11464367061853409,0.07133124768733978
22300,0.4277978241443634,3.7580068111419678,0.9450048208236694,0.2757953405380249,0.033666305243968964
22350,0.35735857486724854,1.8322829008102417,0.7923934459686279,0.0962199717760086,0.2186364233493805
22400,0.2112564593553543,2.816192150115967,0.8877769708633423,0.07945190370082855,0.08569957315921783
22450,0.36303311586380005,3.1045830249786377,0.8639541268348694,0.17159122228622437,0.06423881649971008
22500,0.3099595606327057,2.9105453491210938,0.8452205657958984,0.1134413480758667,0.07217244803905487
22550,0.2105872929096222,2.7473697662353516,0.8529344797134399,0.037507057189941406,0.10853487253189087
22600,0.1610075682401657,3.49113392829895,0.9120149612426758,0.05856143683195114,0.05209449678659439
22650,0.7035161256790161,3.780965805053711,0.8884774446487427,0.38850128650665283,0.03520836681127548
22700,0.2544482350349426,3.0677988529205322,0.8402974009513855,0.06560519337654114,0.07817113399505615
22750,0.12128675729036331,2.994056224822998,0.9338464736938477,0.047095417976379395,0.08326175063848495
22800,0.4861432909965515,2.9291441440582275,0.657684326171875,0.0165976881980896,0.07943101227283478
22850,0.48399055004119873,2.002816677093506,0.6748506426811218,0.04437634348869324,0.18620149791240692
22900,0.3947264552116394,2.184495687484741,0.7867618799209595,0.10849926620721817,0.15707659721374512
22950,1.0514343976974487,6.775402069091797,0.9930725693702698,0.544337272644043,0.002127993619069457
23000,0.18368405103683472,2.812009811401367,0.9092074632644653,0.07663790881633759,0.08635047823190689
23050,0.09736146032810211,3.566351890563965,0.9356828927993774,0.02816281095147133,0.04569050669670105
23100,0.21933797001838684,3.4439949989318848,0.9386223554611206,0.13319070637226105,0.044927723705768585
23150,2.4461288452148438,0.1326642781496048,0.1721661388874054,0.0055118706077337265,0.8977885246276855
23200,0.2823721170425415,3.443795680999756,0.9278339743614197,0.17030468583106995,0.04367334395647049
23250,0.1790335774421692,3.2590723037719727,0.8892061114311218,0.052483852952718735,0.06039810553193092
23300,0.35083359479904175,3.158200263977051,0.8698819279670715,0.1728157252073288,0.0570748969912529
23350,0.7247171998023987,2.0988714694976807,0.5597191452980042,0.02787928842008114,0.17712542414665222
23400,0.3002149164676666,2.9879887104034424,0.8605295419692993,0.11980393528938293,0.0776599869132042
